,count,mean,std,min,25%,50%,75%,max,Coefficient of Variation
MYCT,209.0,203.82296650717703,260.26292594960546,17.0,50.0,110.0,225.0,1500.0,1.2769067706628687
MMIN,209.0,2867.9808612440193,3878.742758194636,64.0,768.0,2000.0,4000.0,32000.0,1.3524297914987435
MMAX,209.0,11796.153110047846,11726.564377166453,64.0,4000.0,8000.0,16000.0,64000.0,0.9941007265476981
CACH,209.0,25.205741626794257,40.62872190702418,0.0,0.0,8.0,32.0,256.0,1.6118836140030475
CHMIN,209.0,4.698564593301436,6.816273503034002,0.0,1.0,2.0,6.0,52.0,1.4507140143931836
CHMAX,209.0,18.267942583732058,25.99731820630283,0.0,5.0,8.0,24.0,176.0,1.4231114471234392
PRP,209.0,105.622009569378,160.83073308779512,6.0,27.0,50.0,113.0,1150.0,1.522700938407664
ERP,209.0,99.33014354066985,154.75710217478547,15.0,28.0,45.0,101.0,1238.0,1.5580074351893143
